id,oldcode,station_type,name_th,name_en,lat,lon,ground_level,min_bank,qmax,river_name,sponsor_by,agency_name_th,agency_shortname_th,agency_code,subdistrict_name_th,district_name_th,province_name_th
4088,G07003-W.24,waterlevel,บ้านท่าไผ่,บ้านท่าไผ่,17.32165,99.077217,135.881,143.93,463.0,,,กรมชลประทาน,ชป.,G07003,ยกกระบัตร,สามเงา,ตาก
4059,G07003-W.4A,waterlevel,บ้านวังหมัน,บ้านวังหมัน,17.20499,99.098122,129.46,137.0,530.0,,,กรมชลประทาน,ชป.,G07003,วังหมัน,สามเงา,ตาก
1708,G23069-WAN001,waterlevel,สามเงา,สามเงา,17.26053,99.07797,129.883,141.227,,,,สถาบันสารสนเทศทรัพยากรน้ำ (องค์การมหาชน),สสน.,G23069,วังหมัน,สามเงา,ตาก
268808,G23069-RES050,waterlevel,อ่างเก็บน้ำสองแควหลวง,อ่างเก็บน้ำสองแควหลวง,17.37875,99.01148,182.4,,,,,สถาบันสารสนเทศทรัพยากรน้ำ (องค์การมหาชน),สสน.,G23069,ยกกระบัตร,สามเงา,ตาก
268809,G23069-RES051,waterlevel,อ่างเก็บน้ำสองแควเหนือ,อ่างเก็บน้ำสองแควเหนือ,17.35603,99.02463,170.2,,,,,สถาบันสารสนเทศทรัพยากรน้ำ (องค์การมหาชน),สสน.,G23069,ยกกระบัตร,สามเงา,ตาก
268810,G23069-RES052,waterlevel,อ่างเก็บน้ำสองแควใต้,อ่างเก็บน้ำสองแควใต้,17.32797,99.02184,167,,,,,สถาบันสารสนเทศทรัพยากรน้ำ (องค์การมหาชน),สสน.,G23069,ยกกระบัตร,สามเงา,ตาก
268813,G23069-RES055,waterlevel,อ่างเก็บน้ำหนองก้างปลา,อ่างเก็บน้ำหนองก้างปลา,17.31207,99.09735,135.2,,,,,สถาบันสารสนเทศทรัพยากรน้ำ (องค์การมหาชน),สสน.,G23069,ยกกระบัตร,สามเงา,ตาก
268812,G23069-RES054,waterlevel,อ่างเก็บน้ำหนองเข้,อ่างเก็บน้ำหนองเข้,17.34999,99.06564,133,,,,,สถาบันสารสนเทศทรัพยากรน้ำ (องค์การมหาชน),สสน.,G23069,ยกกระบัตร,สามเงา,ตาก
268811,G23069-RES053,waterlevel,อ่างเก็บน้ำห้วยคลองไม้แดง,อ่างเก็บน้ำห้วยคลองไม้แดง,17.30193,99.0265,164.6,,,,,สถาบันสารสนเทศทรัพยากรน้ำ (องค์การมหาชน),สสน.,G23069,ยกกระบัตร,สามเงา,ตาก
3277104,G50504-BD10,waterlevel,แม่น้ำวังที่ อ.สามเงา (W.4A),แม่น้ำวังที่ อ.สามเงา (W.4A),17.204904,99.098093,,,,,,การไฟฟ้าฝ่ายผลิตแห่งประเทศไทย,กฟผ.,G50504,วังหมัน,สามเงา,ตาก
3621,G07003-W.25,waterlevel,บ้านร่องเคาะ,บ้านร่องเคาะ,18.990931,99.621109,381.163,385.9,424,,,กรมชลประทาน,ชป.,G07003,ร่องเคาะ,วังเหนือ,ลำปาง
8602,C00000030-MOU323,waterlevel,สะพานน้ำวัง,สะพานน้ำวัง,19.232492,99.63247,442.323,445.225,,,มูลนิธิอาสาเพื่อนพึ่ง (ภาฯ) ยามยาก สภากาชาดไทย,มูลนิธิอาสาเพื่อนพึ่ง (ภาฯ) ยามยาก สภากาชาดไทย,พพภ,C00000030,ทุ่งฮั้ว,วังเหนือ,ลำปาง
268751,G07003-W.6B,waterlevel,บ้านสบปราบ,บ้านสบปราบ,17.880501,99.328163,,189.35,,,,กรมชลประทาน,ชป.,G07003,สบปราบ,สบปราบ,ลำปาง
4193,G07003-W.22,waterlevel,บ้านวังพร้าว,บ้านวังพร้าว,18.14444,99.408463,213.321,218.66,310.6000061035156,,,กรมชลประทาน,ชป.,G07003,วังพร้าว,เกาะคา,ลำปาง
4195,G07003-W.5A,waterlevel,บ้านเกาะคา,บ้านเกาะคา,18.19154,99.396873,212.595,220.46,,,,กรมชลประทาน,ชป.,G07003,ท่าผา,เกาะคา,ลำปาง
1534,G23069-WAN004,waterlevel,เกาะคา,เกาะคา,18.15915,99.38407,209.304,214.45,,,,สถาบันสารสนเทศทรัพยากรน้ำ (องค์การมหาชน),สสน.,G23069,วังพร้าว,เกาะคา,ลำปาง
4143,G07003-W.3A,waterlevel,บ้านดอนชัย,บ้านดอนชัย,17.641491,99.23201,159.1,165.8,850.0,,,กรมชลประทาน,ชป.,G07003,ล้อมแรด,เถิน,ลำปาง
1543,G23069-WAN003,waterlevel,เถิน,เถิน,17.75171,99.23061,168.964,178.49,,,,สถาบันสารสนเทศทรัพยากรน้ำ (องค์การมหาชน),สสน.,G23069,แม่ถอด,เถิน,ลำปาง
3277103,G50504-BD09,waterlevel,แม่น้ำวังที่ อ.เถิน (W.3A),แม่น้ำวังที่ อ.เถิน (W.3A),17.641503,99.232057,,,,,,การไฟฟ้าฝ่ายผลิตแห่งประเทศไทย,กฟผ.,G50504,ล้อมแรด,เถิน,ลำปาง
268671,C00000030-MOU373,waterlevel,สะพานคลองแม่มอญ,สะพานคลองแม่มอญ,18.810192,99.50328,353.1,355.976,,,บริษัท ไทยเบฟเวอเรจ จำกัด (มหาชน) ,มูลนิธิอาสาเพื่อนพึ่ง (ภาฯ) ยามยาก สภากาชาดไทย,พพภ,C00000030,แจ้ซ้อน,เมืองปาน,ลำปาง
4212,G07003-W.20,waterlevel,บ้านท่าล้อ,บ้านท่าล้อ,18.310881,99.45784,228.052,236.02,373,,,กรมชลประทาน,ชป.,G07003,บ่อแฮ้ว,เมืองลำปาง,ลำปาง
4213,G07003-W.21,waterlevel,บ้านท่าเดื่อ,บ้านท่าเดื่อ,18.34301,99.537178,230.82,238,471,,,กรมชลประทาน,ชป.,G07003,ต้นธงชัย,เมืองลำปาง,ลำปาง
7610,G07003-W.10B,waterlevel,บ้านแลง,บ้านแลง,18.51882,99.629997,257.311,263.9,436.0,,,กรมชลประทาน,ชป.,G07003,บ้านแลง,เมืองลำปาง,ลำปาง
268650,C00000030-MOU325,waterlevel,สะพานพัฒนามิตรภาพแม่น้ำตุ๋ย,สะพานพัฒนามิตรภาพแม่น้ำตุ๋ย,18.474373,99.46628,265.183,272.958,,,บริษัท ไทยเบฟเวอเรจ จำกัด (มหาชน) ,มูลนิธิอาสาเพื่อนพึ่ง (ภาฯ) ยามยาก สภากาชาดไทย,พพภ,C00000030,บ้านเอื้อม,เมืองลำปาง,ลำปาง
4209,G07003-W.1C,waterlevel,สะพานเสตุวารี,สะพานเสตุวารี,18.29973,99.51123,226.89,234.5,487.0,,,กรมชลประทาน,ชป.,G07003,บ้านดง,เมืองลำปาง,ลำปาง
4856,G23069-TBW009,waterlevel,อ่างเก็บน้ำแม่เกี๋ยง,อ่างเก็บน้ำแม่เกี๋ยง,18.43277,99.49828,,,,,,สถาบันสารสนเทศทรัพยากรน้ำ (องค์การมหาชน),สสน.,G23069,บ้านเอื้อม,เมืองลำปาง,ลำปาง
4256,G07003-W.17,waterlevel,บ้านหนองนาว,บ้านหนองนาว,18.722269,99.567268,290.34,294.5,210,,,กรมชลประทาน,ชป.,G07003,แจ้ห่ม,แจ้ห่ม,ลำปาง
4322,G07003-W.26,waterlevel,บ้านเมืองมาย,บ้านเมืองมาย,18.596041,99.622063,285.96,289.37,62.060001373291016,,,กรมชลประทาน,ชป.,G07003,เมืองมาย,แจ้ห่ม,ลำปาง
4265,G07003-W.16A,waterlevel,บ้านไฮ,บ้านไฮ,18.785219,99.630409,302.61,308.5,241,,,กรมชลประทาน,ชป.,G07003,ปงดอน,แจ้ห่ม,ลำปาง
268648,C00000030-MOU322,waterlevel,สะพานน้ำคลองแม่สอย,สะพานน้ำคลองแม่สอย,18.784391,99.56949,308.459,311.09,,,บริษัท ไทยเบฟเวอเรจ จำกัด (มหาชน) ,มูลนิธิอาสาเพื่อนพึ่ง (ภาฯ) ยามยาก สภากาชาดไทย,พพภ,C00000030,แม่สุก,แจ้ห่ม,ลำปาง
268794,G23069-RES036,waterlevel,อ่างฯแม่ยอนสันดอนแก้ว,อ่างฯแม่ยอนสันดอนแก้ว,17.97243,99.48753,373.4,,,,,สถาบันสารสนเทศทรัพยากรน้ำ (องค์การมหาชน),สสน.,G23069,สันดอนแก้ว,แม่ทะ,ลำปาง
268792,G23069-RES034,waterlevel,อ่างเก็บน้ำห้วยแม่แพนน้อย ,อ่างเก็บน้ำห้วยแม่แพนน้อย ,18.0676,99.52639,295.2,,,,,สถาบันสารสนเทศทรัพยากรน้ำ (องค์การมหาชน),สสน.,G23069,บ้านบอม,แม่ทะ,ลำปาง
268793,G23069-RES035,waterlevel,อ่างเก็บน้ำแม่กอง,อ่างเก็บน้ำแม่กอง,18.05428,99.45685,288.6,,,,,สถาบันสารสนเทศทรัพยากรน้ำ (องค์การมหาชน),สสน.,G23069,บ้านบอม,แม่ทะ,ลำปาง
4100,G07003-W.23,waterlevel,บ้านแม่เชียงราย,บ้านแม่เชียงราย,17.36661,99.113007,140.28,147.59,475.0,,,กรมชลประทาน,ชป.,G07003,แม่พริก,แม่พริก,ลำปาง
1544,G23069-WAN002,waterlevel,แม่พริก,แม่พริก,17.44521,99.12897,144.593,154.891,,,,สถาบันสารสนเทศทรัพยากรน้ำ (องค์การมหาชน),สสน.,G23069,แม่พริก,แม่พริก,ลำปาง
