station_id,station_oldcode,station_name_th,station_name_en,latitude,longitude,station_type,sub_basin_id,sub_basin_name_th,sub_basin_name_en,sponsor_by,river_name,ground_level,min_bank,qmax,province_code,province_name_th,province_name_en,amphoe_name_th,amphoe_name_en,tumbon_name_th,tumbon_name_en,area_name_th,warning_zone,agency_shortname_th,agency_shortname_en,agency_name_th,agency_name_en,basin_id,basin_name_th,basin_name_en
10065,G23069-HII001,อาคารเลขที่ ๙๐๑,,13.85604,100.57558,waterlevel,,,,,ที่ราบแม่น้ำเจ้าพระยา,,,,10,กรุงเทพมหานคร,,จตุจักร,,ลาดยาว,,กรุงเทพมหานคร,,สสน.,HII,สถาบันสารสนเทศทรัพยากรน้ำ (องค์การมหาชน),Hydro-Informatics Institute (Public Organization),10,ลุ่มน้ำเจ้าพระยา,Chao Phraya Basin
1111,G23069-BKK003,คลองมหาสวัสดิ บางกรวย-สวนผัก,,13.79965,100.43863,waterlevel,,,,,ที่ราบแม่น้ำเจ้าพระยา,-3.101,2.069,,10,กรุงเทพมหานคร,,ตลิ่งชัน,,ตลิ่งชัน,,กรุงเทพมหานคร,,สสน.,HII,สถาบันสารสนเทศทรัพยากรน้ำ (องค์การมหาชน),Hydro-Informatics Institute (Public Organization),10,ลุ่มน้ำเจ้าพระยา,Chao Phraya Basin
1110,G23069-CPY015,สะพานกรุงเทพ,,13.700301,100.49277,waterlevel,,,,,ที่ราบแม่น้ำเจ้าพระยา,-15.697,2.161,,10,กรุงเทพมหานคร,,ธนบุรี,,ดาวคะนอง,,กรุงเทพมหานคร,,สสน.,HII,สถาบันสารสนเทศทรัพยากรน้ำ (องค์การมหาชน),Hydro-Informatics Institute (Public Organization),10,ลุ่มน้ำเจ้าพระยา,Chao Phraya Basin
1107,G23069-BKK021,คลองลาดพร้าว วัดบางบัว,,13.85402,100.58746,waterlevel,,,,,ที่ราบแม่น้ำเจ้าพระยา,-0.33,2.2,,10,กรุงเทพมหานคร,,บางเขน,,อนุสาวรีย์,,กรุงเทพมหานคร,,สสน.,HII,สถาบันสารสนเทศทรัพยากรน้ำ (องค์การมหาชน),Hydro-Informatics Institute (Public Organization),10,ลุ่มน้ำเจ้าพระยา,Chao Phraya Basin
1116,G23069-BKK005,คลองภาษีเจริญ เพชรเกษม69,,13.69158,100.38127,waterlevel,,,,,ที่ราบแม่น้ำเจ้าพระยา,-6.605,1.415,,10,กรุงเทพมหานคร,,บางแค,,หลักสอง,,กรุงเทพมหานคร,,สสน.,HII,สถาบันสารสนเทศทรัพยากรน้ำ (องค์การมหาชน),Hydro-Informatics Institute (Public Organization),10,ลุ่มน้ำเจ้าพระยา,Chao Phraya Basin
7170,G23069-AIT001,อโศก,,13.74325,100.562164,waterlevel,,,,,ที่ราบแม่น้ำเจ้าพระยา,0.5,2.39,,10,กรุงเทพมหานคร,,วัฒนา,,คลองเตยเหนือ,,กรุงเทพมหานคร,,สสน.,HII,สถาบันสารสนเทศทรัพยากรน้ำ (องค์การมหาชน),Hydro-Informatics Institute (Public Organization),10,ลุ่มน้ำเจ้าพระยา,Chao Phraya Basin
1117,G23069-BKK001,คลองลาดพร้าว ท้ายปตร.คลอง2,,13.92245,100.63438,waterlevel,,,,,ที่ราบแม่น้ำเจ้าพระยา,-1.9,2.563,,10,กรุงเทพมหานคร,,สายไหม,,สายไหม,,กรุงเทพมหานคร,,สสน.,HII,สถาบันสารสนเทศทรัพยากรน้ำ (องค์การมหาชน),Hydro-Informatics Institute (Public Organization),10,ลุ่มน้ำเจ้าพระยา,Chao Phraya Basin
1170,G23069-CPY003,ปตร.มโนรมย์,,15.3277,100.10913,waterlevel,,,,,ที่ราบแม่น้ำเจ้าพระยา,11.11,19.607,,18,ชัยนาท,,มโนรมย์,,วัดโคก,,ภาคกลาง,,สสน.,HII,สถาบันสารสนเทศทรัพยากรน้ำ (องค์การมหาชน),Hydro-Informatics Institute (Public Organization),10,ลุ่มน้ำเจ้าพระยา,Chao Phraya Basin
5251,G23069-ATG021,เหนือ ปตร.มโนรมย์,,15.33046,100.10331,waterlevel,,,,,ที่ราบแม่น้ำเจ้าพระยา,,,,18,ชัยนาท,,มโนรมย์,,วัดโคก,,ภาคกลาง,,สสน.,HII,สถาบันสารสนเทศทรัพยากรน้ำ (องค์การมหาชน),Hydro-Informatics Institute (Public Organization),10,ลุ่มน้ำเจ้าพระยา,Chao Phraya Basin
1173,G23069-CPY005,สรรพยา,,15.10907,100.26785,waterlevel,,,,,ที่ราบแม่น้ำเจ้าพระยา,3.011,15.277,,18,ชัยนาท,,สรรพยา,,โพนางดำออก,,ภาคกลาง,,สสน.,HII,สถาบันสารสนเทศทรัพยากรน้ำ (องค์การมหาชน),Hydro-Informatics Institute (Public Organization),10,ลุ่มน้ำเจ้าพระยา,Chao Phraya Basin
5254,G23069-ATG032,ท้ายปตร.บรมธาตุ,,15.15785,100.15282,waterlevel,,,,,ที่ราบแม่น้ำเจ้าพระยา,,,,18,ชัยนาท,,เมืองชัยนาท,,ชัยนาท,,ภาคกลาง,,สสน.,HII,สถาบันสารสนเทศทรัพยากรน้ำ (องค์การมหาชน),Hydro-Informatics Institute (Public Organization),10,ลุ่มน้ำเจ้าพระยา,Chao Phraya Basin
5266,G23069-ATG112,ท้ายปตร.มหาราช,,15.16144,100.17268,waterlevel,,,,,ที่ราบแม่น้ำเจ้าพระยา,,,,18,ชัยนาท,,เมืองชัยนาท,,บ้านกล้วย,,ภาคกลาง,,สสน.,HII,สถาบันสารสนเทศทรัพยากรน้ำ (องค์การมหาชน),Hydro-Informatics Institute (Public Organization),10,ลุ่มน้ำเจ้าพระยา,Chao Phraya Basin
5231,G23069-ATG011,ปตร.พลเทพ,,15.21593,100.07285,waterlevel,,,,,ที่ราบแม่น้ำเจ้าพระยา,,,,18,ชัยนาท,,เมืองชัยนาท,,หาดท่าเสา,,ภาคกลาง,,สสน.,HII,สถาบันสารสนเทศทรัพยากรน้ำ (องค์การมหาชน),Hydro-Informatics Institute (Public Organization),10,ลุ่มน้ำเจ้าพระยา,Chao Phraya Basin
1167,G23069-THA001,สะพานคง-ศุข ศรีสวัสดิ์,,15.225,100.07824,waterlevel,,,,,ที่ราบแม่น้ำเจ้าพระยา,10.034,19.418,,18,ชัยนาท,,เมืองชัยนาท,,หาดท่าเสา,,ภาคกลาง,,สสน.,HII,สถาบันสารสนเทศทรัพยากรน้ำ (องค์การมหาชน),Hydro-Informatics Institute (Public Organization),10,ลุ่มน้ำเจ้าพระยา,Chao Phraya Basin
1168,G23069-CPY004,สะพานธรรมจักร(วัดธรรมามูล),,15.25029,100.08347,waterlevel,,,,,ที่ราบแม่น้ำเจ้าพระยา,3.115,17.541,,18,ชัยนาท,,เมืองชัยนาท,,ธรรมามูล,,ภาคกลาง,,สสน.,HII,สถาบันสารสนเทศทรัพยากรน้ำ (องค์การมหาชน),Hydro-Informatics Institute (Public Organization),10,ลุ่มน้ำเจ้าพระยา,Chao Phraya Basin
5253,G23069-ATG031,เหนือปตร.บรมธาตุ,,15.15816,100.15352,waterlevel,,,,,ที่ราบแม่น้ำเจ้าพระยา,,,,18,ชัยนาท,,เมืองชัยนาท,,ชัยนาท,,ภาคกลาง,,สสน.,HII,สถาบันสารสนเทศทรัพยากรน้ำ (องค์การมหาชน),Hydro-Informatics Institute (Public Organization),10,ลุ่มน้ำเจ้าพระยา,Chao Phraya Basin
5265,G23069-ATG111,เหนือปตร.มหาราช,,15.15892,100.17329,waterlevel,,,,,ที่ราบแม่น้ำเจ้าพระยา,,,,18,ชัยนาท,,เมืองชัยนาท,,บ้านกล้วย,,ภาคกลาง,,สสน.,HII,สถาบันสารสนเทศทรัพยากรน้ำ (องค์การมหาชน),Hydro-Informatics Institute (Public Organization),10,ลุ่มน้ำเจ้าพระยา,Chao Phraya Basin
1821,G23069-BKK019,คลองนราภิรมย์ (บางเลน),,13.88207,100.29086,waterlevel,,,,,ที่ราบแม่น้ำเจ้าพระยา,-1.59,3.96,,73,นครปฐม,,บางเลน,,นราภิรมย์,,ภาคกลาง,,สสน.,HII,สถาบันสารสนเทศทรัพยากรน้ำ (องค์การมหาชน),Hydro-Informatics Institute (Public Organization),10,ลุ่มน้ำเจ้าพระยา,Chao Phraya Basin
5280,G23069-ATG182,ท้ายปตร.ช่องแค,,15.14554,100.41321,waterlevel,,,,,ที่ราบแม่น้ำเจ้าพระยา,,,,60,นครสวรรค์,,ตาคลี,,พรหมนิมิต,,ภาคเหนือ,,สสน.,HII,สถาบันสารสนเทศทรัพยากรน้ำ (องค์การมหาชน),Hydro-Informatics Institute (Public Organization),10,ลุ่มน้ำเจ้าพระยา,Chao Phraya Basin
7553,G23069-CHK001,บ่อดินขาว,,15.169044,100.41471,waterlevel,,,,,ที่ราบแม่น้ำเจ้าพระยา,0,16.8115,,60,นครสวรรค์,,ตาคลี,,ช่องแค,,ภาคเหนือ,,สสน.,HII,สถาบันสารสนเทศทรัพยากรน้ำ (องค์การมหาชน),Hydro-Informatics Institute (Public Organization),10,ลุ่มน้ำเจ้าพระยา,Chao Phraya Basin
7567,G23069-CHK002,เขาวง,,15.181774,100.41453,waterlevel,,,,,ที่ราบแม่น้ำเจ้าพระยา,-0.281,17.719,,60,นครสวรรค์,,ตาคลี,,ช่องแค,,ภาคเหนือ,,สสน.,HII,สถาบันสารสนเทศทรัพยากรน้ำ (องค์การมหาชน),Hydro-Informatics Institute (Public Organization),10,ลุ่มน้ำเจ้าพระยา,Chao Phraya Basin
5279,G23069-ATG181,เหนือปตร.ช่องแค,,15.14624,100.41298,waterlevel,,,,,ที่ราบแม่น้ำเจ้าพระยา,,,,60,นครสวรรค์,,ตาคลี,,พรหมนิมิต,,ภาคเหนือ,,สสน.,HII,สถาบันสารสนเทศทรัพยากรน้ำ (องค์การมหาชน),Hydro-Informatics Institute (Public Organization),10,ลุ่มน้ำเจ้าพระยา,Chao Phraya Basin
1662,G23069-CPY002,พยุหะคีรี,,15.42655,100.13471,waterlevel,,,,,ที่ราบแม่น้ำเจ้าพระยา,10.176,21.33,,60,นครสวรรค์,,พยุหะคีรี,,ท่าน้ำอ้อย,,ภาคเหนือ,,สสน.,HII,สถาบันสารสนเทศทรัพยากรน้ำ (องค์การมหาชน),Hydro-Informatics Institute (Public Organization),10,ลุ่มน้ำเจ้าพระยา,Chao Phraya Basin
1648,G23069-CPY001,สะพานเดชาติวงศ์,,15.68849,100.12381,waterlevel,,,,,ที่ราบแม่น้ำเจ้าพระยา,7.878,26.06,,60,นครสวรรค์,,เมืองนครสวรรค์,,ปากน้ำโพ,,ภาคเหนือ,,สสน.,HII,สถาบันสารสนเทศทรัพยากรน้ำ (องค์การมหาชน),Hydro-Informatics Institute (Public Organization),10,ลุ่มน้ำเจ้าพระยา,Chao Phraya Basin
1132,G23069-CPY014,สะพานนวลฉวี,,13.94749,100.53507,waterlevel,,,,,ที่ราบแม่น้ำเจ้าพระยา,-13.306,2.5,,12,นนทบุรี,,ปากเกร็ด,,บ้านใหม่,,ภาคกลาง,,สสน.,HII,สถาบันสารสนเทศทรัพยากรน้ำ (องค์การมหาชน),Hydro-Informatics Institute (Public Organization),10,ลุ่มน้ำเจ้าพระยา,Chao Phraya Basin
1130,G23069-BKK018,คลองพระพิมล (ไทรน้อย),,13.97396,100.31901,waterlevel,,,,,ที่ราบแม่น้ำเจ้าพระยา,-2.04,4.05,,12,นนทบุรี,,ไทรน้อย,,ไทรน้อย,,ภาคกลาง,,สสน.,HII,สถาบันสารสนเทศทรัพยากรน้ำ (องค์การมหาชน),Hydro-Informatics Institute (Public Organization),10,ลุ่มน้ำเจ้าพระยา,Chao Phraya Basin
1135,G23069-CAN001,คลองระพีพัฒน์แยกตก,,14.20612,100.74476,waterlevel,,,,,ที่ราบแม่น้ำเจ้าพระยา,-0.641,4.56,,13,ปทุมธานี,,คลองหลวง,,คลองเจ็ด,,ภาคกลาง,,สสน.,HII,สถาบันสารสนเทศทรัพยากรน้ำ (องค์การมหาชน),Hydro-Informatics Institute (Public Organization),10,ลุ่มน้ำเจ้าพระยา,Chao Phraya Basin
5262,G23069-ATG082,ท้ายปตร.พระธรรมราชา,,14.07636,100.89392,waterlevel,,,,,ที่ราบแม่น้ำเจ้าพระยา,,,,13,ปทุมธานี,,ธัญบุรี,,บึงน้ำรักษ์,,ภาคกลาง,,สสน.,HII,สถาบันสารสนเทศทรัพยากรน้ำ (องค์การมหาชน),Hydro-Informatics Institute (Public Organization),10,ลุ่มน้ำเจ้าพระยา,Chao Phraya Basin
5239,G23069-ATG101,ปตร.จุฬาลงกรณ์,,13.98135,100.6057,waterlevel,,,,,ที่ราบแม่น้ำเจ้าพระยา,,,,13,ปทุมธานี,,ธัญบุรี,,ประชาธิปัตย์,,ภาคกลาง,,สสน.,HII,สถาบันสารสนเทศทรัพยากรน้ำ (องค์การมหาชน),Hydro-Informatics Institute (Public Organization),10,ลุ่มน้ำเจ้าพระยา,Chao Phraya Basin
5261,G23069-ATG081,เหนือปตร.พระธรรมราชา,,14.07771,100.89208,waterlevel,,,,,ที่ราบแม่น้ำเจ้าพระยา,,,,13,ปทุมธานี,,ธัญบุรี,,บึงน้ำรักษ์,,ภาคกลาง,,สสน.,HII,สถาบันสารสนเทศทรัพยากรน้ำ (องค์การมหาชน),Hydro-Informatics Institute (Public Organization),10,ลุ่มน้ำเจ้าพระยา,Chao Phraya Basin
1139,G23069-BKK013,คลองระพีพัฒน์แยกใต้ หนองเสือ,,14.2206,100.89168,waterlevel,,,,,ที่ราบแม่น้ำเจ้าพระยา,-0.58,3.96,,13,ปทุมธานี,,หนองเสือ,,นพรัตน์,,ภาคกลาง,,สสน.,HII,สถาบันสารสนเทศทรัพยากรน้ำ (องค์การมหาชน),Hydro-Informatics Institute (Public Organization),10,ลุ่มน้ำเจ้าพระยา,Chao Phraya Basin
1133,G23069-BKK002,คลองเปรมประชากร หลักหก,,13.96562,100.60262,waterlevel,,,,,ที่ราบแม่น้ำเจ้าพระยา,-1.372,1.292,,13,ปทุมธานี,,เมืองปทุมธานี,,หลักหก,,ภาคกลาง,,สสน.,HII,สถาบันสารสนเทศทรัพยากรน้ำ (องค์การมหาชน),Hydro-Informatics Institute (Public Organization),10,ลุ่มน้ำเจ้าพระยา,Chao Phraya Basin
1148,G23069-CPY010,คลองบางบาล,,14.42303,100.48186,waterlevel,,,,,ที่ราบแม่น้ำเจ้าพระยา,-1.178,5.841,,14,พระนครศรีอยุธยา,,บางบาล,,ไทรน้อย,,ภาคกลาง,,สสน.,HII,สถาบันสารสนเทศทรัพยากรน้ำ (องค์การมหาชน),Hydro-Informatics Institute (Public Organization),10,ลุ่มน้ำเจ้าพระยา,Chao Phraya Basin
1149,G23069-CPY009,คลองบางหลวง,,14.4158,100.44071,waterlevel,,,,,ที่ราบแม่น้ำเจ้าพระยา,-4.397,4.311,,14,พระนครศรีอยุธยา,,บางบาล,,บางหลวงโดด,,ภาคกลาง,,สสน.,HII,สถาบันสารสนเทศทรัพยากรน้ำ (องค์การมหาชน),Hydro-Informatics Institute (Public Organization),10,ลุ่มน้ำเจ้าพระยา,Chao Phraya Basin
1151,G23069-LBI001,บางปะหัน,,14.42731,100.55605,waterlevel,,,,,ที่ราบแม่น้ำเจ้าพระยา,-4.415,4.691,,14,พระนครศรีอยุธยา,,บางปะหัน,,โพธิ์สามต้น,,ภาคกลาง,,สสน.,HII,สถาบันสารสนเทศทรัพยากรน้ำ (องค์การมหาชน),Hydro-Informatics Institute (Public Organization),10,ลุ่มน้ำเจ้าพระยา,Chao Phraya Basin
1150,G23069-CPY012,บางปะอิน,,14.30455,100.56645,waterlevel,,,,,ที่ราบแม่น้ำเจ้าพระยา,-8.585,2.617,,14,พระนครศรีอยุธยา,,บางปะอิน,,ขนอนหลวง,,ภาคกลาง,,สสน.,HII,สถาบันสารสนเทศทรัพยากรน้ำ (องค์การมหาชน),Hydro-Informatics Institute (Public Organization),10,ลุ่มน้ำเจ้าพระยา,Chao Phraya Basin
5205,G23069-HDA005,วัดขนอนใต้,,14.288251,100.61132,waterlevel,,,,,ที่ราบแม่น้ำเจ้าพระยา,-1.967,2.537,,14,พระนครศรีอยุธยา,,บางปะอิน,,บ้านกรด,,ภาคกลาง,,สสน.,HII,สถาบันสารสนเทศทรัพยากรน้ำ (องค์การมหาชน),Hydro-Informatics Institute (Public Organization),10,ลุ่มน้ำเจ้าพระยา,Chao Phraya Basin
7988,G23069-TCP006,ปตร กุฎิ (ทุ่งป่าโมก),,14.412405,100.40116,waterlevel,,,,,ที่ราบแม่น้ำเจ้าพระยา,0.5,7,,14,พระนครศรีอยุธยา,,ผักไห่,,ท่าดินแดง,,ภาคกลาง,,สสน.,HII,สถาบันสารสนเทศทรัพยากรน้ำ (องค์การมหาชน),Hydro-Informatics Institute (Public Organization),10,ลุ่มน้ำเจ้าพระยา,Chao Phraya Basin
7990,G23069-TCP003,ปตร.ลาดชะโด (ทุ่งผักไห่),,14.464408,100.366005,waterlevel,,,,,ที่ราบแม่น้ำเจ้าพระยา,-0.8,5,,14,พระนครศรีอยุธยา,,ผักไห่,,อมฤต,,ภาคกลาง,,สสน.,HII,สถาบันสารสนเทศทรัพยากรน้ำ (องค์การมหาชน),Hydro-Informatics Institute (Public Organization),10,ลุ่มน้ำเจ้าพระยา,Chao Phraya Basin
7991,G23069-TCP004,ปตร.ลาดชิด (ทุ่งผักไห่),,14.440615,100.35738,waterlevel,,,,,ที่ราบแม่น้ำเจ้าพระยา,0,5,,14,พระนครศรีอยุธยา,,ผักไห่,,จักราช,,ภาคกลาง,,สสน.,HII,สถาบันสารสนเทศทรัพยากรน้ำ (องค์การมหาชน),Hydro-Informatics Institute (Public Organization),10,ลุ่มน้ำเจ้าพระยา,Chao Phraya Basin
7999,G23069-TCP013,สะพานข้ามแม่น้ำน้อย (ทุ่งผักไห่),,14.498449,100.36825,waterlevel,,,,,ที่ราบแม่น้ำเจ้าพระยา,,,,14,พระนครศรีอยุธยา,,ผักไห่,,หน้าโคก,,ภาคกลาง,,สสน.,HII,สถาบันสารสนเทศทรัพยากรน้ำ (องค์การมหาชน),Hydro-Informatics Institute (Public Organization),10,ลุ่มน้ำเจ้าพระยา,Chao Phraya Basin
5277,G23069-ATG171,เหนือปตร.ผักไห่-เจ้าเจ็ด,,14.43643,100.37562,waterlevel,,,,,ที่ราบแม่น้ำเจ้าพระยา,,,,14,พระนครศรีอยุธยา,,ผักไห่,,บ้านใหญ่,,ภาคกลาง,,สสน.,HII,สถาบันสารสนเทศทรัพยากรน้ำ (องค์การมหาชน),Hydro-Informatics Institute (Public Organization),10,ลุ่มน้ำเจ้าพระยา,Chao Phraya Basin
5249,G23069-HDA002,ปตร.กระมัง (ปากคลองข้าวเม่า),,14.355084,100.58359,waterlevel,,,,,ที่ราบแม่น้ำเจ้าพระยา,,,,14,พระนครศรีอยุธยา,,พระนครศรีอยุธยา,,หัวรอ,,ภาคกลาง,,สสน.,HII,สถาบันสารสนเทศทรัพยากรน้ำ (องค์การมหาชน),Hydro-Informatics Institute (Public Organization),10,ลุ่มน้ำเจ้าพระยา,Chao Phraya Basin
5250,G23069-HDA003,ปตร.กลางคลองข้าวเม่า (วัดกระสังข์),,14.357343,100.60565,waterlevel,,,,,ที่ราบแม่น้ำเจ้าพระยา,,,,14,พระนครศรีอยุธยา,,พระนครศรีอยุธยา,,หันตรา,,ภาคกลาง,,สสน.,HII,สถาบันสารสนเทศทรัพยากรน้ำ (องค์การมหาชน),Hydro-Informatics Institute (Public Organization),10,ลุ่มน้ำเจ้าพระยา,Chao Phraya Basin
1142,G23069-CPY011,พระนครศรีอยุธยา,,14.36913,100.52861,waterlevel,,,,,ที่ราบแม่น้ำเจ้าพระยา,-5.521,5.064,,14,พระนครศรีอยุธยา,,พระนครศรีอยุธยา,,ภูเขาทอง,,ภาคกลาง,,สสน.,HII,สถาบันสารสนเทศทรัพยากรน้ำ (องค์การมหาชน),Hydro-Informatics Institute (Public Organization),10,ลุ่มน้ำเจ้าพระยา,Chao Phraya Basin
1153,G23069-CPY016,คลองพระยาบรรลือ,,14.16476,100.30725,waterlevel,,,,,ที่ราบแม่น้ำเจ้าพระยา,-1.487,3.511,,14,พระนครศรีอยุธยา,,ลาดบัวหลวง,,สามเมือง,,ภาคกลาง,,สสน.,HII,สถาบันสารสนเทศทรัพยากรน้ำ (องค์การมหาชน),Hydro-Informatics Institute (Public Organization),10,ลุ่มน้ำเจ้าพระยา,Chao Phraya Basin
5264,G23069-ATG092,ท้ายปตร.พระอินทราชา,,14.14378,100.62075,waterlevel,,,,,ที่ราบแม่น้ำเจ้าพระยา,,,,14,พระนครศรีอยุธยา,,วังน้อย,,พยอม,,ภาคกลาง,,สสน.,HII,สถาบันสารสนเทศทรัพยากรน้ำ (องค์การมหาชน),Hydro-Informatics Institute (Public Organization),10,ลุ่มน้ำเจ้าพระยา,Chao Phraya Basin
5263,G23069-ATG091,เหนือปตร.พระอินทราชา,,14.14407,100.62136,waterlevel,,,,,ที่ราบแม่น้ำเจ้าพระยา,,,,14,พระนครศรีอยุธยา,,วังน้อย,,วังน้อย,,ภาคกลาง,,สสน.,HII,สถาบันสารสนเทศทรัพยากรน้ำ (องค์การมหาชน),Hydro-Informatics Institute (Public Organization),10,ลุ่มน้ำเจ้าพระยา,Chao Phraya Basin
5204,G23069-HDA004,คลองช่องสะเดา,,14.344762,100.670105,waterlevel,,,,,ที่ราบแม่น้ำเจ้าพระยา,0.227,3.027,,14,พระนครศรีอยุธยา,,อุทัย,,อุทัย,,ภาคกลาง,,สสน.,HII,สถาบันสารสนเทศทรัพยากรน้ำ (องค์การมหาชน),Hydro-Informatics Institute (Public Organization),10,ลุ่มน้ำเจ้าพระยา,Chao Phraya Basin
1154,G23069-CPY017,เสนา,,14.31976,100.37952,waterlevel,,,,,ที่ราบแม่น้ำเจ้าพระยา,-1.647,3.587,,14,พระนครศรีอยุธยา,,เสนา,,เจ้าเสด็จ,,ภาคกลาง,,สสน.,HII,สถาบันสารสนเทศทรัพยากรน้ำ (องค์การมหาชน),Hydro-Informatics Institute (Public Organization),10,ลุ่มน้ำเจ้าพระยา,Chao Phraya Basin
7998,G23069-TCP012,เสนา (ทุ่งบางบาล-บ้านแพน),,14.327773,100.405464,waterlevel,,,,,ที่ราบแม่น้ำเจ้าพระยา,0,3,,14,พระนครศรีอยุธยา,,เสนา,,เสนา,,ภาคกลาง,,สสน.,HII,สถาบันสารสนเทศทรัพยากรน้ำ (องค์การมหาชน),Hydro-Informatics Institute (Public Organization),10,ลุ่มน้ำเจ้าพระยา,Chao Phraya Basin
7995,G23069-TCP009,สถานีสูบน้ำปากคลองสระตาแวว (ทุ่งซ้ายคลองชัยนาท),,14.940776,100.5929,waterlevel,,,,,ที่ราบแม่น้ำเจ้าพระยา,0,15.22,,16,ลพบุรี,,บ้านหมี่,,พุคา,,ภาคกลาง,,สสน.,HII,สถาบันสารสนเทศทรัพยากรน้ำ (องค์การมหาชน),Hydro-Informatics Institute (Public Organization),10,ลุ่มน้ำเจ้าพระยา,Chao Phraya Basin
7994,G23069-TCP008,สถานีสูบน้ำปากคลองสายห้วยแก้ว (ทุ่งซ้ายคลองชัยนาท),,15.082774,100.55449,waterlevel,,,,,ที่ราบแม่น้ำเจ้าพระยา,0,15.44,,16,ลพบุรี,,บ้านหมี่,,หนองเมือง,,ภาคกลาง,,สสน.,HII,สถาบันสารสนเทศทรัพยากรน้ำ (องค์การมหาชน),Hydro-Informatics Institute (Public Organization),10,ลุ่มน้ำเจ้าพระยา,Chao Phraya Basin
7996,G23069-TCP010,ทรบ. ปากคลองห้าวา (ทุ่งท่าวุ้ง),,14.818604,100.57653,waterlevel,,,,,ที่ราบแม่น้ำเจ้าพระยา,0,8,,16,ลพบุรี,,เมืองลพบุรี,,บางขันหมาก,,ภาคกลาง,,สสน.,HII,สถาบันสารสนเทศทรัพยากรน้ำ (องค์การมหาชน),Hydro-Informatics Institute (Public Organization),10,ลุ่มน้ำเจ้าพระยา,Chao Phraya Basin
5224,G23069-TBW034,อ่างเก็บน้ำห้วยซับเหล็ก,,14.814826,100.77581,waterlevel,,,,,ที่ราบแม่น้ำเจ้าพระยา,,,,16,ลพบุรี,,เมืองลพบุรี,,โคกตูม,,ภาคกลาง,,สสน.,HII,สถาบันสารสนเทศทรัพยากรน้ำ (องค์การมหาชน),Hydro-Informatics Institute (Public Organization),10,ลุ่มน้ำเจ้าพระยา,Chao Phraya Basin
1158,G23069-LBI002,เมืองลพบุรี,,14.76049,100.5996,waterlevel,,,,,ที่ราบแม่น้ำเจ้าพระยา,-0.828,6.523,,16,ลพบุรี,,เมืองลพบุรี,,โพธิ์เก้าต้น,,ภาคกลาง,,สสน.,HII,สถาบันสารสนเทศทรัพยากรน้ำ (องค์การมหาชน),Hydro-Informatics Institute (Public Organization),10,ลุ่มน้ำเจ้าพระยา,Chao Phraya Basin
6087,G23069-BKC005,ปตร. คลองตาสด,,13.664821,100.571236,waterlevel,,,,,ที่ราบแม่น้ำเจ้าพระยา,-1.23,1.33,,11,สมุทรปราการ,,พระประแดง,,บางกระสอบ,,ภาคกลาง,,สสน.,HII,สถาบันสารสนเทศทรัพยากรน้ำ (องค์การมหาชน),Hydro-Informatics Institute (Public Organization),10,ลุ่มน้ำเจ้าพระยา,Chao Phraya Basin
6085,G23069-BKC003,ปตร. คลองลัดบางยอ 1,,13.676162,100.553085,waterlevel,,,,,ที่ราบแม่น้ำเจ้าพระยา,-0.907,1.513,,11,สมุทรปราการ,,พระประแดง,,บางยอ,,ภาคกลาง,,สสน.,HII,สถาบันสารสนเทศทรัพยากรน้ำ (องค์การมหาชน),Hydro-Informatics Institute (Public Organization),10,ลุ่มน้ำเจ้าพระยา,Chao Phraya Basin
6086,G23069-BKC004,ปตร. คลองลัดบางยอ 2,,13.661021,100.56727,waterlevel,,,,,ที่ราบแม่น้ำเจ้าพระยา,-1.63,0.905,,11,สมุทรปราการ,,พระประแดง,,บางกระสอบ,,ภาคกลาง,,สสน.,HII,สถาบันสารสนเทศทรัพยากรน้ำ (องค์การมหาชน),Hydro-Informatics Institute (Public Organization),10,ลุ่มน้ำเจ้าพระยา,Chao Phraya Basin
6084,G23069-BKC002,ปตร.วัดบางกระเจ้านอก,,13.689612,100.554886,waterlevel,,,,,ที่ราบแม่น้ำเจ้าพระยา,-1.41,1.26,,11,สมุทรปราการ,,พระประแดง,,บางกะเจ้า,,ภาคกลาง,,สสน.,HII,สถาบันสารสนเทศทรัพยากรน้ำ (องค์การมหาชน),Hydro-Informatics Institute (Public Organization),10,ลุ่มน้ำเจ้าพระยา,Chao Phraya Basin
1183,G23069-TB0004,คลองแม่น้ำใน,,14.30168,100.94521,waterlevel,,,,,ที่ราบแม่น้ำเจ้าพระยา,,,,19,สระบุรี,,วิหารแดง,,หนองหมู,,ภาคกลาง,,สสน.,HII,สถาบันสารสนเทศทรัพยากรน้ำ (องค์การมหาชน),Hydro-Informatics Institute (Public Organization),10,ลุ่มน้ำเจ้าพระยา,Chao Phraya Basin
5260,G23069-ATG072,ท้ายปตร.พระศรีศิลป์,,14.32729,100.87117,waterlevel,,,,,ที่ราบแม่น้ำเจ้าพระยา,,,,19,สระบุรี,,หนองแค,,หนองแค,,ภาคกลาง,,สสน.,HII,สถาบันสารสนเทศทรัพยากรน้ำ (องค์การมหาชน),Hydro-Informatics Institute (Public Organization),10,ลุ่มน้ำเจ้าพระยา,Chao Phraya Basin
245997,G23069-HDA007,สะพานค่ายบางระจัน,,14.815273,100.36446,waterlevel,,,,,ที่ราบแม่น้ำเจ้าพระยา,2.005,9.789,,17,สิงห์บุรี,,ค่ายบางระจัน,,ท่าข้าม,,ภาคกลาง,,สสน.,HII,สถาบันสารสนเทศทรัพยากรน้ำ (องค์การมหาชน),Hydro-Informatics Institute (Public Organization),10,ลุ่มน้ำเจ้าพระยา,Chao Phraya Basin
5276,G23069-ATG162,ท้ายปตร.ยางมณี,,14.75033,100.41498,waterlevel,,,,,ที่ราบแม่น้ำเจ้าพระยา,,,,17,สิงห์บุรี,,ท่าช้าง,,พิกุลทอง,,ภาคกลาง,,สสน.,HII,สถาบันสารสนเทศทรัพยากรน้ำ (องค์การมหาชน),Hydro-Informatics Institute (Public Organization),10,ลุ่มน้ำเจ้าพระยา,Chao Phraya Basin
5274,G23069-ATG152,ท้ายปตร.บางระจัน,,14.92539,100.27912,waterlevel,,,,,ที่ราบแม่น้ำเจ้าพระยา,,,,17,สิงห์บุรี,,บางระจัน,,เชิงกลัด,,ภาคกลาง,,สสน.,HII,สถาบันสารสนเทศทรัพยากรน้ำ (องค์การมหาชน),Hydro-Informatics Institute (Public Organization),10,ลุ่มน้ำเจ้าพระยา,Chao Phraya Basin
5273,G23069-ATG151,เหนือปตร.บางระจัน,,14.92594,100.27585,waterlevel,,,,,ที่ราบแม่น้ำเจ้าพระยา,,,,17,สิงห์บุรี,,บางระจัน,,เชิงกลัด,,ภาคกลาง,,สสน.,HII,สถาบันสารสนเทศทรัพยากรน้ำ (องค์การมหาชน),Hydro-Informatics Institute (Public Organization),10,ลุ่มน้ำเจ้าพระยา,Chao Phraya Basin
1163,G23069-CPY007,พรหมบุรี,,14.79091,100.45184,waterlevel,,,,,ที่ราบแม่น้ำเจ้าพระยา,-1.317,10.364,,17,สิงห์บุรี,,พรหมบุรี,,พรหมบุรี,,ภาคกลาง,,สสน.,HII,สถาบันสารสนเทศทรัพยากรน้ำ (องค์การมหาชน),Hydro-Informatics Institute (Public Organization),10,ลุ่มน้ำเจ้าพระยา,Chao Phraya Basin
7997,G23069-TCP011,สถานีสูบน้ำคลองระบายชัยนาท-ป่าสัก 2 (ทุ่งเชียงราก),,15.055055,100.32081,waterlevel,,,,,ที่ราบแม่น้ำเจ้าพระยา,0,12.3,,17,สิงห์บุรี,,อินทร์บุรี,,ชีน้ำร้าย,,ภาคกลาง,,สสน.,HII,สถาบันสารสนเทศทรัพยากรน้ำ (องค์การมหาชน),Hydro-Informatics Institute (Public Organization),10,ลุ่มน้ำเจ้าพระยา,Chao Phraya Basin
1164,G23069-CPY006,อินทร์บุรี,,15.00602,100.33088,waterlevel,,,,,ที่ราบแม่น้ำเจ้าพระยา,1.423,15.1,,17,สิงห์บุรี,,อินทร์บุรี,,อินทร์บุรี,,ภาคกลาง,,สสน.,HII,สถาบันสารสนเทศทรัพยากรน้ำ (องค์การมหาชน),Hydro-Informatics Institute (Public Organization),10,ลุ่มน้ำเจ้าพระยา,Chao Phraya Basin
245996,G23069-HDA006,สะพานอนุสรณ์ 100 ปีสิงห์หบุรี (สะพานหลวงพ่อแพ 89),,14.870226,100.4086,waterlevel,,,,,ที่ราบแม่น้ำเจ้าพระยา,0,12.727,,17,สิงห์บุรี,,เมืองสิงห์บุรี,,ต้นโพธิ์,,ภาคกลาง,,สสน.,HII,สถาบันสารสนเทศทรัพยากรน้ำ (องค์การมหาชน),Hydro-Informatics Institute (Public Organization),10,ลุ่มน้ำเจ้าพระยา,Chao Phraya Basin
245999,G23069-HDA009,สะพานป่าโมก,,14.498097,100.44969,waterlevel,,,,,ที่ราบแม่น้ำเจ้าพระยา,-1.31,7.972,,15,อ่างทอง,,ป่าโมก,,บางปลากด,,ภาคกลาง,,สสน.,HII,สถาบันสารสนเทศทรัพยากรน้ำ (องค์การมหาชน),Hydro-Informatics Institute (Public Organization),10,ลุ่มน้ำเจ้าพระยา,Chao Phraya Basin
245998,G23069-HDA008,สะพานคลองส่งน้ำชลประทาน บ้านตลาดใหม่,,14.553482,100.31676,waterlevel,,,,,ที่ราบแม่น้ำเจ้าพระยา,0.748,4.973,,15,อ่างทอง,,วิเศษชัยชาญ,,ตลาดใหม่,,ภาคกลาง,,สสน.,HII,สถาบันสารสนเทศทรัพยากรน้ำ (องค์การมหาชน),Hydro-Informatics Institute (Public Organization),10,ลุ่มน้ำเจ้าพระยา,Chao Phraya Basin
1155,G23069-CPY008,เมืองอ่างทอง,,14.5765,100.44852,waterlevel,,,,,ที่ราบแม่น้ำเจ้าพระยา,-4.4,8.777,,15,อ่างทอง,,เมืองอ่างทอง,,บางแก้ว,,ภาคกลาง,,สสน.,HII,สถาบันสารสนเทศทรัพยากรน้ำ (องค์การมหาชน),Hydro-Informatics Institute (Public Organization),10,ลุ่มน้ำเจ้าพระยา,Chao Phraya Basin
